sample_id,split,instrument_type,carrier_gas,different_pressure,features_path,features_md5_hash
X0000,supplemental,commercial,he,0,supplemental_features/X0000.csv,415d9be2aaa9151551ec2ce94aac3236
X0001,supplemental,commercial,he,0,supplemental_features/X0001.csv,4d0fb1f6f9b970c2a21280b64e146148
X0002,supplemental,commercial,he,0,supplemental_features/X0002.csv,4d8b44276eea5291de30f6764f67a5d3
X0003,supplemental,commercial,he,0,supplemental_features/X0003.csv,6c21bb6c254f38734ec7d9afd5146099
X0004,supplemental,commercial,he,0,supplemental_features/X0004.csv,b8c549be189f6cb14f6afa60d9b9b105
X0005,supplemental,commercial,he,0,supplemental_features/X0005.csv,128241af49a17be7c39dc45917fa9798
X0006,supplemental,commercial,he,0,supplemental_features/X0006.csv,c59885c796738a573c18cb785c75491a
X0007,supplemental,commercial,he,0,supplemental_features/X0007.csv,bf13f588110a847bcfce566cf3a5060d
X0008,supplemental,commercial,he,0,supplemental_features/X0008.csv,e77fbbd3fa104d246e16d47b1500e423
X0009,supplemental,commercial,he,0,supplemental_features/X0009.csv,48e553ec8f0d5183e2ef4d6249e503af
X0010,supplemental,commercial,he,0,supplemental_features/X0010.csv,6fbec8171b41006b3be0690c04b1eb80
X0011,supplemental,commercial,he,0,supplemental_features/X0011.csv,a3bcdfc401774ded754e300d3725d4ed
X0012,supplemental,commercial,he,0,supplemental_features/X0012.csv,ed515e753a12b21baf457aeff4b2517a
X0013,supplemental,commercial,he,0,supplemental_features/X0013.csv,424413dcf9319ae99a3a54266ac08335
X0014,supplemental,commercial,he,0,supplemental_features/X0014.csv,86dd0ddef9c3798a29410339ab7ba0c1
X0015,supplemental,commercial,he,0,supplemental_features/X0015.csv,e2b256af996663f8d3df45ddfa22dc4d
X0016,supplemental,commercial,he,0,supplemental_features/X0016.csv,390de98387db32603085af7e59e97d32
X0017,supplemental,commercial,he,0,supplemental_features/X0017.csv,334f119be72aea871e46c995c261bb43
X0018,supplemental,commercial,he,0,supplemental_features/X0018.csv,79dbc88a04337b5370def68d3f72c115
X0019,supplemental,commercial,he,0,supplemental_features/X0019.csv,fef72aebb2b35c0cecc6ea34f93c1538
X0020,supplemental,commercial,he,0,supplemental_features/X0020.csv,7fc3cee503581532e2ca0fd7657b65d3
X0021,supplemental,commercial,he,0,supplemental_features/X0021.csv,598d531abb909d3628cffae9b8e1aa8d
X0022,supplemental,commercial,he,0,supplemental_features/X0022.csv,6ff56a99a64d61d76c0647f7412c9089
X0023,supplemental,commercial,he,0,supplemental_features/X0023.csv,b8a976c9bb4767a50b1f328ecbacf7ba
X0024,supplemental,commercial,he,0,supplemental_features/X0024.csv,65ec55d2f85df72a0e4874acfd5ac475
X0025,supplemental,commercial,he,0,supplemental_features/X0025.csv,3e680945d5cf6ebec2aeeaae382374e6
X0026,supplemental,commercial,he,0,supplemental_features/X0026.csv,deca0e45977442efc6959ddc2455ee2c
X0027,supplemental,commercial,he,0,supplemental_features/X0027.csv,d78c813b98e8b12029e2732fcbfa4087
X0028,supplemental,commercial,he,0,supplemental_features/X0028.csv,f74f660ea992823635d850df1a0ac003
X0029,supplemental,commercial,he,0,supplemental_features/X0029.csv,32feabac1d563a2cd7c01a589db95a74
X0030,supplemental,commercial,he,0,supplemental_features/X0030.csv,5699c483877f4e6f8a9d40e1cb0f5479
X0031,supplemental,commercial,he,0,supplemental_features/X0031.csv,0acabae4450662de738cdbe6b1bc3915
X0032,supplemental,commercial,he,0,supplemental_features/X0032.csv,2e966936bf4b3ebc3c55d4db4ea59fcb
X0033,supplemental,commercial,he,0,supplemental_features/X0033.csv,733851b4bafe217dd39990c4136652bb
X0034,supplemental,commercial,he,0,supplemental_features/X0034.csv,9ee4313ec07c868fefc9a94e9577cf6d
X0035,supplemental,commercial,he,0,supplemental_features/X0035.csv,1c934d892c913c09fc595f8fc66add94
X0036,supplemental,commercial,he,0,supplemental_features/X0036.csv,10ae28138fed1ccf89b40803984392fd
X0037,supplemental,commercial,he,0,supplemental_features/X0037.csv,79626db1997156a3d7d71075e21cb6a3
X0038,supplemental,commercial,he,0,supplemental_features/X0038.csv,dfa0056d9ea1d2599c143897baedcc3d
X0039,supplemental,commercial,he,0,supplemental_features/X0039.csv,dc73302ff135ffab851046dadba63602
X0040,supplemental,commercial,he,0,supplemental_features/X0040.csv,0fcf003dd50e79bede6f0fe218090d7f
X0041,supplemental,commercial,he,0,supplemental_features/X0041.csv,878beea10311a51cf00a866cebd1a376
X0042,supplemental,commercial,he,0,supplemental_features/X0042.csv,71b35af556e312ca770586ebdb954599
X0043,supplemental,commercial,he,0,supplemental_features/X0043.csv,a444eada6436268c91a3cc4942181230
X0044,supplemental,commercial,he,0,supplemental_features/X0044.csv,2e47ac0d32555b448a3560c4880a62bf
X0045,supplemental,commercial,he,0,supplemental_features/X0045.csv,334fcf04a97276ad8ed9d0b7c054306a
X0046,supplemental,commercial,he,0,supplemental_features/X0046.csv,1b5b0a5f39897bb745e6e753ebf77e1e
X0047,supplemental,commercial,he,0,supplemental_features/X0047.csv,7fc7570cb63177cb1c973b923fba4373
X0048,supplemental,commercial,he,0,supplemental_features/X0048.csv,69406393fe8119af42108edd3d722b61
X0049,supplemental,commercial,he,0,supplemental_features/X0049.csv,61607c4bd6fb8af0abe46b8dfff814bf
X0050,supplemental,commercial,he,0,supplemental_features/X0050.csv,3c7398b7171936da505b6ea07890efa0
X0051,supplemental,commercial,he,0,supplemental_features/X0051.csv,46fde82b6b038db45c82731feffc6eab
X0052,supplemental,commercial,he,0,supplemental_features/X0052.csv,873a4755d0bf67a9295605aee97ad972
X0053,supplemental,commercial,he,0,supplemental_features/X0053.csv,64c5ae65a6926dff191cd2c3869eb54f
X0054,supplemental,commercial,he,0,supplemental_features/X0054.csv,1ab3722fe2a80fb61e71a03fe3c816c9
X0055,supplemental,commercial,he,0,supplemental_features/X0055.csv,fafefb72c0898aafb7398b28acfa3b38
X0056,supplemental,commercial,he,0,supplemental_features/X0056.csv,9acfb6660a37050ecd3ba6c583b263a5
X0057,supplemental,commercial,he,0,supplemental_features/X0057.csv,7366f75473c13412588c0f55c1587161
X0058,supplemental,commercial,he,0,supplemental_features/X0058.csv,29f9d0b6047cd806bb57a84c21bed950
X0059,supplemental,commercial,he,0,supplemental_features/X0059.csv,97675f03dbe8fa2a3c9f92ff6a6a55c5
X0060,supplemental,commercial,he,0,supplemental_features/X0060.csv,02496aceed0e2376bdd1ac82f88dd488
X0061,supplemental,commercial,he,0,supplemental_features/X0061.csv,1a2ec0efb42c50e779d146faa74c5e08
X0062,supplemental,commercial,he,0,supplemental_features/X0062.csv,b0cc3f02fb4bbadf4c42e3ee043f8374
X0063,supplemental,commercial,he,0,supplemental_features/X0063.csv,6a43f9615a4f8047085523a910006b74
X0064,supplemental,commercial,he,0,supplemental_features/X0064.csv,af3956e793e98d2a59d7dec7444a072d
X0065,supplemental,commercial,he,0,supplemental_features/X0065.csv,c6b11f002ca4c8c2c20d8999c0a1f082
X0066,supplemental,commercial,he,0,supplemental_features/X0066.csv,fb98e4990f8620bbc9dd0d197923940c
X0067,supplemental,commercial,he,0,supplemental_features/X0067.csv,ab606f32c80a995dd47cfac054616a38
X0068,supplemental,commercial,he,0,supplemental_features/X0068.csv,770b1c586c4b484c5ddc15a1fad2ebd9
X0069,supplemental,commercial,he,0,supplemental_features/X0069.csv,4e5b5cee58ea1610f6ae5eae099caf2b
X0070,supplemental,commercial,he,0,supplemental_features/X0070.csv,d987b77904f59e8d5b7b0ee39eca0fd8
X0071,supplemental,commercial,he,0,supplemental_features/X0071.csv,8a5863a24f6d48e8d51bb5374f57c2b4
X0072,supplemental,commercial,he,0,supplemental_features/X0072.csv,b713275e9fa8a015b51c475dfbc9e364
X0073,supplemental,commercial,he,0,supplemental_features/X0073.csv,0ecba3bfa7f927476d9c015ef721aa02
X0074,supplemental,commercial,he,0,supplemental_features/X0074.csv,009a6d559566abfca8a009c3b380f4f5
X0075,supplemental,commercial,he,0,supplemental_features/X0075.csv,b7cb8eb4b21f5882aa6fa9de0b7eec03
X0076,supplemental,commercial,he,0,supplemental_features/X0076.csv,e2f991734e2f8b55bb731fd0d9acdfb9
X0077,supplemental,commercial,he,0,supplemental_features/X0077.csv,4afd8e9488e786de79363a1f8f5523d1
X0078,supplemental,commercial,he,0,supplemental_features/X0078.csv,730091202f820267aaae5898b5f4ad62
X0079,supplemental,commercial,he,0,supplemental_features/X0079.csv,354423059b676b03fbc5388da17cd2e5
X0080,supplemental,commercial,he,0,supplemental_features/X0080.csv,f474b9c2ae24677335843e2f4c3af6d0
X0081,supplemental,commercial,he,0,supplemental_features/X0081.csv,1fb96cda49483818bad2ef8bb67c6517
X0082,supplemental,commercial,he,0,supplemental_features/X0082.csv,efb6f553c7274c8d4188bbc04ea056de
X0083,supplemental,commercial,he,0,supplemental_features/X0083.csv,6db57d631e239d69433a8463debaadf9
X0084,supplemental,commercial,he,0,supplemental_features/X0084.csv,7990533f570f87834e3ed25fb4e0ec57
X0085,supplemental,commercial,he,0,supplemental_features/X0085.csv,50d55aee3a0d9c267820e4292c1568d4
X0086,supplemental,commercial,he,0,supplemental_features/X0086.csv,303f8cfd28874f341c1469bf7806fcd9
X0087,supplemental,commercial,he,0,supplemental_features/X0087.csv,00d816808f5b1d966217f080e8812439
X0088,supplemental,commercial,he,0,supplemental_features/X0088.csv,18e637cec9dba68ca308c080331d7aaf
X0089,supplemental,commercial,he,0,supplemental_features/X0089.csv,ddc28641770cd9a7044c1bab6b8aafa7
X0090,supplemental,commercial,he,0,supplemental_features/X0090.csv,6fa65f342bd5dd069a3ec3ce905470ef
X0091,supplemental,commercial,he,0,supplemental_features/X0091.csv,cd119b8faed23c15c162077806a4922a
X0092,supplemental,commercial,he,0,supplemental_features/X0092.csv,0808cb2ec22d96d7b3c8e34ea5172f88
X0093,supplemental,commercial,he,0,supplemental_features/X0093.csv,f12b57b9dffef3c4b771556ab7766972
X0094,supplemental,commercial,he,0,supplemental_features/X0094.csv,b386e8708a4ed3a46099b2e510985371
X0095,supplemental,commercial,he,0,supplemental_features/X0095.csv,6077072a05b016dfaf04eb778a9caa46
X0096,supplemental,commercial,he,0,supplemental_features/X0096.csv,708ce2e2e98a214c2ea5afd083c89495
X0097,supplemental,commercial,he,0,supplemental_features/X0097.csv,179e514ab280cd9a5effaa876f9cabd0
X0098,supplemental,commercial,he,0,supplemental_features/X0098.csv,509b464e396b07e94fb082dcf39e0590
X0099,supplemental,commercial,he,0,supplemental_features/X0099.csv,d564afe3f3d77d81a55ecb9014930f4d
X0100,supplemental,commercial,he,0,supplemental_features/X0100.csv,f1ca4fa85b185cf5da003d9f0b7e28f5
X0101,supplemental,commercial,he,0,supplemental_features/X0101.csv,fddc1d07a645a07c5fb5fb1e303c8e0f
X0102,supplemental,commercial,he,0,supplemental_features/X0102.csv,768f649ab15a7be5418c10cd3bd1bff9
X0103,supplemental,commercial,he,0,supplemental_features/X0103.csv,4e2365279810e7f033917be30852653a
X0104,supplemental,commercial,he,0,supplemental_features/X0104.csv,02c4e34c69f8a3687b25976dd2e48f8a
X0105,supplemental,commercial,he,0,supplemental_features/X0105.csv,0927f0ab78025bcbad4a0adb3abe7f83
X0106,supplemental,commercial,he,0,supplemental_features/X0106.csv,a84dedde25c0297d04912d242c01b666
X0107,supplemental,commercial,he,0,supplemental_features/X0107.csv,c1dece7c673ecc678b49a327055791ff
X0108,supplemental,commercial,he,0,supplemental_features/X0108.csv,37e1e3ec4cde780becc96b34db3c238e
X0109,supplemental,commercial,he,0,supplemental_features/X0109.csv,7adfba5a7a124cd98d48bac983191b69
X0110,supplemental,commercial,he,0,supplemental_features/X0110.csv,f11b438fee982c67820891aefac3d306
X0111,supplemental,commercial,he,0,supplemental_features/X0111.csv,00476373f65f0413e5a6e945b6160776
X0112,supplemental,commercial,he,0,supplemental_features/X0112.csv,0a7c01b77a57cc9030bf444fc62200a6
X0113,supplemental,commercial,he,0,supplemental_features/X0113.csv,2d701568b2f3005ce3a3396c677df793
X0114,supplemental,commercial,he,0,supplemental_features/X0114.csv,be9c703f0f8c4aba98ee11c40f37b300
X0115,supplemental,commercial,he,0,supplemental_features/X0115.csv,cd6ac5ce94829a344b6b3581245c2f49
X0116,supplemental,commercial,he,0,supplemental_features/X0116.csv,189cb8c06537d5c0707ad9180fccaed1
X0117,supplemental,commercial,he,0,supplemental_features/X0117.csv,f7ed385ecd4f80d468d48b7f16c70032
X0118,supplemental,commercial,he,0,supplemental_features/X0118.csv,fbc03d7db66b38f065d282ecd9bb8b33
X0119,supplemental,commercial,he,0,supplemental_features/X0119.csv,55c0ac35ec8cdd6ae9f3cf4fbc82eec2
X0120,supplemental,commercial,he,0,supplemental_features/X0120.csv,0007cd636dea05551fa6961a1e52424b
X0121,supplemental,commercial,he,0,supplemental_features/X0121.csv,af624a6a57443f8ca1e65186e34ba35d
X0122,supplemental,commercial,he,0,supplemental_features/X0122.csv,2a58a55234196c0a36848c4ef7baf357
X0123,supplemental,commercial,he,0,supplemental_features/X0123.csv,c39295aa341977a8abec258035360ca1
X0124,supplemental,commercial,he,0,supplemental_features/X0124.csv,6dbc2cb0a124c33fbd59dbf6acb52a87
X0125,supplemental,commercial,he,0,supplemental_features/X0125.csv,c04c1426556888f922d00c3d4b00d02c
X0126,supplemental,commercial,he,0,supplemental_features/X0126.csv,41d9fe071f619aa0e7fbd8af2658562c
X0127,supplemental,commercial,he,0,supplemental_features/X0127.csv,0b1e3635aa15df78d126719f142bb07d
X0128,supplemental,commercial,he,0,supplemental_features/X0128.csv,fb98b2b5901e01dfbb54220ef3bbfa73
X0129,supplemental,commercial,he,0,supplemental_features/X0129.csv,9a7fbfca4869140f16ad6fa2de3dcb8e
X0130,supplemental,commercial,he,0,supplemental_features/X0130.csv,0eb5f47909734529c13c274ce94107dd
X0131,supplemental,commercial,he,0,supplemental_features/X0131.csv,f7277d0cacd155c7d541d20c297ae1fd
X0132,supplemental,commercial,he,0,supplemental_features/X0132.csv,9b55f5e4d6a977ff51f6ccccecf855a6
X0133,supplemental,commercial,he,0,supplemental_features/X0133.csv,85e8dc8e2b2b0c76283c706372e13319
X0134,supplemental,commercial,he,0,supplemental_features/X0134.csv,38d10af651c2aed1fd7db3ceb14fb64c
X0135,supplemental,commercial,he,0,supplemental_features/X0135.csv,5d888c07a8dc47b4a46b5f80b6b899ad
X0136,supplemental,commercial,he,0,supplemental_features/X0136.csv,9becbf1ff1095ffc605c6202955edb37
X0137,supplemental,commercial,he,0,supplemental_features/X0137.csv,35d870bd4261610ecc11c2edb07c3802
X0138,supplemental,commercial,he,0,supplemental_features/X0138.csv,ed33a4ffedbf20acc101614f3b6e17b4
X0139,supplemental,commercial,he,0,supplemental_features/X0139.csv,816d01a4b1bbef10abb01c475b715c8f
X0140,supplemental,commercial,he,0,supplemental_features/X0140.csv,f0cb0cc112e2bb8914de639c5b08d075
X0141,supplemental,commercial,he,0,supplemental_features/X0141.csv,cb6e94e131ff144ae2e8153dc20fdd2a
X0142,supplemental,commercial,he,0,supplemental_features/X0142.csv,6666a0a91c2ff28f2bf3ed6f9f8b404e
X0143,supplemental,commercial,he,0,supplemental_features/X0143.csv,00581627680039c8126de7f7272d9a1e
X0144,supplemental,commercial,he,0,supplemental_features/X0144.csv,10ba69e325c0addfdb59fa0697ae431a
X0145,supplemental,commercial,he,0,supplemental_features/X0145.csv,e41e0e4532f3116ad0841628ef5f4a99
X0146,supplemental,commercial,he,0,supplemental_features/X0146.csv,1870075a66781ea727740dbafab5baef
X0147,supplemental,commercial,he,0,supplemental_features/X0147.csv,1a5251a7f765fd3ba2fea763189422fe
X0148,supplemental,commercial,he,0,supplemental_features/X0148.csv,b83fd6abd9d5d56ea8a93070f3a7afa0
X0149,supplemental,commercial,he,0,supplemental_features/X0149.csv,69a715c75958c4de7b880febe0b749c6
X0150,supplemental,commercial,he,0,supplemental_features/X0150.csv,fe646340628fc43a3a4b74cd30f67609
X0151,supplemental,commercial,he,0,supplemental_features/X0151.csv,cec71edd71709500c6d0710b83e0e60d
X0152,supplemental,commercial,he,0,supplemental_features/X0152.csv,55e754d486dd15ac5da2e4f3c48812ee
X0153,supplemental,commercial,he,0,supplemental_features/X0153.csv,3fece603c9e3de9147226e1f8d2f9b1c
X0154,supplemental,commercial,he,0,supplemental_features/X0154.csv,1b124d6b7a82cf48753cb90563ae2fa5
X0155,supplemental,commercial,he,0,supplemental_features/X0155.csv,b9a554e4fcdcda0eec907f2735459705
X0156,supplemental,commercial,he,0,supplemental_features/X0156.csv,9a98419d28a0113610dd56049d3851b1
X0157,supplemental,commercial,he,0,supplemental_features/X0157.csv,d43e0d2027ae4b202b23e5e20cacbdcf
X0158,supplemental,commercial,he,0,supplemental_features/X0158.csv,9a8b69041c54b572754321ef9c5655e4
X0159,supplemental,commercial,he,0,supplemental_features/X0159.csv,118f3e1e3cb98bf3289af97cf5599390
X0160,supplemental,commercial,he,0,supplemental_features/X0160.csv,4b6bc65d863e1abc2dfe1a9c714861fe
X0161,supplemental,commercial,he,0,supplemental_features/X0161.csv,43ead06a94ecf06f69029280a67f2d9b
X0162,supplemental,commercial,he,0,supplemental_features/X0162.csv,3e640fa081c419fa26a7690ec664297b
X0163,supplemental,commercial,he,0,supplemental_features/X0163.csv,d5ba336315ee783f5a2adf4e5c5826f9
X0164,supplemental,commercial,he,0,supplemental_features/X0164.csv,125ba071fbe4f2d4be0a99b35e19dc60
X0165,supplemental,commercial,he,0,supplemental_features/X0165.csv,ecb987ecd1b7083043de06c637755b5e
X0166,supplemental,commercial,he,0,supplemental_features/X0166.csv,01ece310647fdae2a6ffb7e2ec0500ac
X0167,supplemental,commercial,he,0,supplemental_features/X0167.csv,2ccc4f9182e579bb19bd8dd092a69585
X0168,supplemental,commercial,he,0,supplemental_features/X0168.csv,f6e9b3fe07818b4246406e56642f0dce
X0169,supplemental,commercial,he,0,supplemental_features/X0169.csv,4090a074f55256667f8befca0f2b0ab8
X0170,supplemental,commercial,he,0,supplemental_features/X0170.csv,5d10836c4eb0edcfa35a0dc511abfe59
X0171,supplemental,commercial,he,0,supplemental_features/X0171.csv,cc3bab1e916ea6ef8fec68cda9a3b6a2
X0172,supplemental,commercial,he,0,supplemental_features/X0172.csv,d5bed7ad2e25163808c94533553b5288
X0173,supplemental,commercial,he,0,supplemental_features/X0173.csv,37d9035dda58d49ef8557d1423681ace
X0174,supplemental,commercial,he,0,supplemental_features/X0174.csv,52499b7b9e0772b2362b4a3326230f62
X0175,supplemental,commercial,he,0,supplemental_features/X0175.csv,a48e75b125dd0a7561d4d928d651b209
X0176,supplemental,commercial,he,0,supplemental_features/X0176.csv,db0a00b5403c0b870afb98732c804d2c
X0177,supplemental,commercial,he,0,supplemental_features/X0177.csv,2744f2a0a0af6a86423a0ad1c84d9e4c
X0178,supplemental,commercial,he,0,supplemental_features/X0178.csv,f389a60a9f114d87fa8d9c520fb3383e
X0179,supplemental,commercial,he,0,supplemental_features/X0179.csv,faed5e27be9fcba5af83a790b17621b6
X0180,supplemental,commercial,he,0,supplemental_features/X0180.csv,2f9a945a3aad9c03536c5c2ea37f280b
X0181,supplemental,commercial,he,0,supplemental_features/X0181.csv,ebeee755a9ac7ffa32c942c035075188
X0182,supplemental,commercial,he,0,supplemental_features/X0182.csv,30c5da75b96917fdb24525de81aabe2a
X0183,supplemental,commercial,he,0,supplemental_features/X0183.csv,3f3940bd8f9a350a7f42b86952adbd16
X0184,supplemental,commercial,he,0,supplemental_features/X0184.csv,78fee4180dee6f5b5c924f8fc27312c5
X0185,supplemental,commercial,he,0,supplemental_features/X0185.csv,25358e8119aad434947ead187f5f4a6f
X0186,supplemental,commercial,he,0,supplemental_features/X0186.csv,80aad4664ac3c053c3136eec5c4e85d5
X0187,supplemental,commercial,he,0,supplemental_features/X0187.csv,a4b1c94505e34648cf9ef0ab6651596c
X0188,supplemental,commercial,he,0,supplemental_features/X0188.csv,b7054461a9fd203456e63ec8a2581c76
X0189,supplemental,commercial,he,0,supplemental_features/X0189.csv,f455e10752234d8eb121a869cb87a5cf
X0190,supplemental,commercial,he,0,supplemental_features/X0190.csv,085411d5f3b670ace582053ff44a936a
X0191,supplemental,commercial,he,0,supplemental_features/X0191.csv,119c16256f979459f828a41aa80bda15
X0192,supplemental,commercial,he,0,supplemental_features/X0192.csv,f41e2c536e1df79d54ff3da0c21549b2
X0193,supplemental,commercial,he,0,supplemental_features/X0193.csv,37cac20ac4c8ba553ed2d2b37a1486b2
X0194,supplemental,commercial,he,0,supplemental_features/X0194.csv,ca48200d7bb7d2d91d0d06cdbf7fc9db
X0195,supplemental,commercial,he,0,supplemental_features/X0195.csv,7cd5047a8badc74917ce4a1cd89d5d1f
X0196,supplemental,commercial,he,0,supplemental_features/X0196.csv,a2e3979868644e069c6b1f162c0c0508
X0197,supplemental,commercial,he,0,supplemental_features/X0197.csv,04b225b135ede30b8c4a373737947651
X0198,supplemental,commercial,he,0,supplemental_features/X0198.csv,59aff82bc3e639f2563afdd34906dae7
X0199,supplemental,commercial,he,0,supplemental_features/X0199.csv,2d231208e5acab1d8b719e3744256965
X0200,supplemental,commercial,he,0,supplemental_features/X0200.csv,527ac622b24fc22b2554a8545599a1b6
X0201,supplemental,commercial,he,0,supplemental_features/X0201.csv,e51eb0ce1fc47faed4703d6c0fcc6eea
X0202,supplemental,commercial,he,0,supplemental_features/X0202.csv,c6dbcb3eeb6eaab803f9b03a07e260d7
X0203,supplemental,commercial,he,0,supplemental_features/X0203.csv,b309daa162cd26b064a5aa942dc54537
X0204,supplemental,commercial,he,0,supplemental_features/X0204.csv,4c72fc4d9b9f707eb0fd5d4d3105468d
X0205,supplemental,commercial,he,0,supplemental_features/X0205.csv,19cb0a494610f6db8c1216816577dc01
X0206,supplemental,commercial,he,0,supplemental_features/X0206.csv,8ede8ab4a066570bab0b9c6d92f0f557
X0207,supplemental,commercial,he,0,supplemental_features/X0207.csv,d3ab5a57a89e52ab95c89a90070294f8
X0208,supplemental,commercial,he,0,supplemental_features/X0208.csv,25c735e3e7ff1e92a67ed6b6c6cd9cd0
X0209,supplemental,commercial,he,0,supplemental_features/X0209.csv,1be32a850a4c36dd8b507c7d74700202
X0210,supplemental,commercial,he,0,supplemental_features/X0210.csv,e8633a4c5741f9ec68b3dccd3d51bc6c
X0211,supplemental,commercial,he,0,supplemental_features/X0211.csv,dcb3f0ba129e3f45871144777db7b53c
X0212,supplemental,commercial,he,0,supplemental_features/X0212.csv,36ba0f55fd8739812752130d58c2bb15
X0213,supplemental,commercial,he,0,supplemental_features/X0213.csv,d1773509fff1e9967eb0cde10981bcdd
X0214,supplemental,commercial,he,0,supplemental_features/X0214.csv,58ab77350806a6bb807bef7892caeb9a
X0215,supplemental,commercial,he,0,supplemental_features/X0215.csv,c1d93597466893c05700d2c14f49b741
X0216,supplemental,commercial,he,0,supplemental_features/X0216.csv,47dd87ce242bcbc228b066d4776e9a1e
X0217,supplemental,commercial,he,0,supplemental_features/X0217.csv,a4f602e6d5aa8334db864c3d3ff37c6e
X0218,supplemental,commercial,he,0,supplemental_features/X0218.csv,d996047f5ffac61ca66ba68f311ffb45
X0219,supplemental,commercial,he,0,supplemental_features/X0219.csv,bf195f7dcc5b9612a9f429a6457eab1a
X0220,supplemental,commercial,he,1,supplemental_features/X0220.csv,302c5e3ac0fef64ca0dd5c9c3f19958b
X0221,supplemental,commercial,he,1,supplemental_features/X0221.csv,573b817f462f1d195451d81a14a5ead3
X0222,supplemental,commercial,he,1,supplemental_features/X0222.csv,dfaad9dc7c61cb19e75363844ea679ff
X0223,supplemental,commercial,he,1,supplemental_features/X0223.csv,7b9ab7d9d1f7a435bc1fd6acd7b8e47d
X0224,supplemental,commercial,he,1,supplemental_features/X0224.csv,211bc463f19e447947b57ffed1a6e153
X0225,supplemental,commercial,he,1,supplemental_features/X0225.csv,37fcabff2898c31988e8fd429fe19798
X0226,supplemental,commercial,he,1,supplemental_features/X0226.csv,7af3ea51c9a83edf139ad3d8cd612f94
X0227,supplemental,commercial,he,1,supplemental_features/X0227.csv,bbd296d8c22c8b596624be0c924195b2
X0228,supplemental,commercial,he,1,supplemental_features/X0228.csv,19508b7330a29749883b8d9f659f403b
X0229,supplemental,commercial,he,1,supplemental_features/X0229.csv,20613690d7b79a35ce0c34533f85fa65
X0230,supplemental,commercial,n2,1,supplemental_features/X0230.csv,6d8aa3a664108a49f59c67629f17291c
X0231,supplemental,commercial,n2,1,supplemental_features/X0231.csv,3c0156131bbf9954038bea533698b5a8
X0232,supplemental,commercial,n2,1,supplemental_features/X0232.csv,59a2b9ec6dcd9670353ffaf3fde2c2f6
X0233,supplemental,commercial,n2,1,supplemental_features/X0233.csv,82b0dbb42b425bc585433ad3957a9fab
X0234,supplemental,commercial,n2,1,supplemental_features/X0234.csv,f46959914a3b5601caecbb38a4591995
X0235,supplemental,commercial,n2,1,supplemental_features/X0235.csv,ea2164bca867858aacf1686611578481
X0236,supplemental,commercial,n2,1,supplemental_features/X0236.csv,46bc23833be2b26a669b113e2946c3dc
X0237,supplemental,commercial,n2,1,supplemental_features/X0237.csv,7a083c3b4b3bf2a64e0f3c37acc13f5a
X0238,supplemental,commercial,n2,1,supplemental_features/X0238.csv,ef38006a1d2900f908a33f710a52cc23
X0239,supplemental,commercial,n2,1,supplemental_features/X0239.csv,99d5d1f431ac11168df6f695d5250a21
X0240,supplemental,commercial,n2,1,supplemental_features/X0240.csv,c472c91aa57fba68a5ebe74980d8052b
X0241,supplemental,commercial,n2,1,supplemental_features/X0241.csv,4a995431ec8f7e8180cd2108d3d84de9
X0242,supplemental,commercial,n2,1,supplemental_features/X0242.csv,273ba2413d1047b712b2835ad829bc12
X0243,supplemental,commercial,n2,1,supplemental_features/X0243.csv,ef72c8f8e858843a73a3ba8eca650771
X0244,supplemental,commercial,n2,1,supplemental_features/X0244.csv,3ad482c2f440f71367c8ab6fddda8800
X0245,supplemental,commercial,n2,1,supplemental_features/X0245.csv,b0be10cedb6a07096cdbf26e6b1a9d2c
X0246,supplemental,commercial,n2,1,supplemental_features/X0246.csv,7569634388af45a36d438e24cc7d893d
X0247,supplemental,commercial,n2,1,supplemental_features/X0247.csv,fb3fa8fca0b0e4e9b5563b12434fe065
X0248,supplemental,commercial,n2,1,supplemental_features/X0248.csv,83924909b4c6211a1fb290517610070d
X0249,supplemental,commercial,o2,0,supplemental_features/X0249.csv,8dffa9a1f6e7041ce79b10213159d9cc
X0250,supplemental,commercial,o2,1,supplemental_features/X0250.csv,260b594238f30d72febbff52fe3a0619
X0251,supplemental,commercial,o2,1,supplemental_features/X0251.csv,a8674ab053b7978174cf39226e3d0726
X0252,supplemental,commercial,o2,1,supplemental_features/X0252.csv,e8abdef7673fba0a6b2b36cb16e5538c
X0253,supplemental,commercial,o2,1,supplemental_features/X0253.csv,a4b1de30f17781c851724dbfdbfdc72c
X0254,supplemental,commercial,o2,1,supplemental_features/X0254.csv,646d0b65deb5f6061ee684eed5207b04
X0255,supplemental,commercial,o2,1,supplemental_features/X0255.csv,59853d9ff129c4f509a6d4a57e559b4d
X0256,supplemental,commercial,o2,1,supplemental_features/X0256.csv,834c2602f18d1d2e104e12a09501c9ed
X0257,supplemental,commercial,o2,1,supplemental_features/X0257.csv,45e5f1dc0b48f6b460bf69b3bde772d2
X0258,supplemental,commercial,o2,1,supplemental_features/X0258.csv,4bf1fec4bae62fa4ed7f488f9a9a8489
X0259,supplemental,commercial,o2,1,supplemental_features/X0259.csv,3eff3203503257bd2cae56eaad138781
X0260,supplemental,commercial,o2,1,supplemental_features/X0260.csv,e3c2ad7a70268937e17487b8cb4a9924
X0261,supplemental,commercial,o2,1,supplemental_features/X0261.csv,cbb58a8e21c406b7feea896bb76216e3
X0262,supplemental,commercial,o2,1,supplemental_features/X0262.csv,2a7bc7a702ed2f3f53f1e7d648fffaf2
X0263,supplemental,commercial,o2,1,supplemental_features/X0263.csv,ef8253fb19b8824206fd87911d1e8074
X0264,supplemental,commercial,o2,1,supplemental_features/X0264.csv,2dc17419742c4be2baf7453d1b65d982
X0265,supplemental,commercial,o2,1,supplemental_features/X0265.csv,f522d4dbfc958eb7f6fc9075885be7e7
X0266,supplemental,commercial,o2,1,supplemental_features/X0266.csv,4707c86185a1536cf36f8509451acf7b
X0267,supplemental,commercial,o2,1,supplemental_features/X0267.csv,87e83afc9be31322b85b52a611a82729
X0268,supplemental,commercial,o2,1,supplemental_features/X0268.csv,804a454a16c9a06f75f0e2ae41800e4a
X0269,supplemental,commercial,o2,1,supplemental_features/X0269.csv,2524419ba14b637176e14bdc22a862b1
X0270,supplemental,commercial,o2,1,supplemental_features/X0270.csv,b56660b9dc027c34fdca6b3649bc2c82
X0271,supplemental,commercial,o2,1,supplemental_features/X0271.csv,1ee8393dc9bd2e3f3cda0c9af24f71f7
X0272,supplemental,commercial,o2,1,supplemental_features/X0272.csv,10d55009425e49137fce278d76659fbf
X0273,supplemental,commercial,o2,1,supplemental_features/X0273.csv,78e72769366f27ffff0223f7824256ec
X0274,supplemental,commercial,o2,1,supplemental_features/X0274.csv,13935c42f8d0b677e304d2fedd401343
X0275,supplemental,commercial,o2,1,supplemental_features/X0275.csv,2896b69928b51229aa6ca16e29f70082
X0276,supplemental,commercial,o2,1,supplemental_features/X0276.csv,0f5e96e38b504a2555d0df8e70b387a2
X0277,supplemental,commercial,o2,1,supplemental_features/X0277.csv,0825d627bdd59c04bd1d3f636b9a5c7b
X0278,supplemental,commercial,o2,1,supplemental_features/X0278.csv,02084ce2906e9ee6df638948d86d2471
X0279,supplemental,commercial,o2,1,supplemental_features/X0279.csv,8925adca14127de25c2ad5f591f3f333
X0280,supplemental,commercial,o2,1,supplemental_features/X0280.csv,5d0ca68945f719b0ec72684149d05ac1
X0281,supplemental,commercial,o2,1,supplemental_features/X0281.csv,facf62bf5dd31d6447a5f4739d0e074e
X0282,supplemental,commercial,o2,1,supplemental_features/X0282.csv,c4cf5d39098c0860203c427bce679d78
X0283,supplemental,commercial,o2,1,supplemental_features/X0283.csv,ecac74a6d8f4853a753bdad0dae62890
X0284,supplemental,commercial,o2,1,supplemental_features/X0284.csv,f8a4abf8ede87e5c1e13e8b697bb9760
X0285,supplemental,commercial,o2,1,supplemental_features/X0285.csv,51ab1171f4a975413f3538ff241a125b
X0286,supplemental,commercial,o2,1,supplemental_features/X0286.csv,dde843062a9c592979a263cb4fca8920
X0287,supplemental,commercial,o2,1,supplemental_features/X0287.csv,8875a76b274db9f2303bed47056147d9
X0288,supplemental,commercial,o2,1,supplemental_features/X0288.csv,b955cb66db993f40bca0766324b5e394
X0289,supplemental,commercial,o2,1,supplemental_features/X0289.csv,eeafc73cf3c503fc09fe7bf5895df8e7
X0290,supplemental,commercial,o2,1,supplemental_features/X0290.csv,09eaf407f99abe511ed1b3c544447d84
X0291,supplemental,commercial,o2,1,supplemental_features/X0291.csv,4809aa31173d1f974d450aae99dd3f09
X0292,supplemental,commercial,o2,1,supplemental_features/X0292.csv,feea952ab638f60be08e81ae858fc5ae
X0293,supplemental,commercial,o2,1,supplemental_features/X0293.csv,53cf7dfb433358654ec9088ce0c1b09e
X0294,supplemental,commercial,o2,1,supplemental_features/X0294.csv,845ee87eccd05a037fd016dfb637a6a1
X0295,supplemental,commercial,o2,1,supplemental_features/X0295.csv,4d8fd00ead678ba71b750b41ad23ebdf
X0296,supplemental,commercial,o2,1,supplemental_features/X0296.csv,93b925882a1808a205dd6d815c50eac0
X0297,supplemental,commercial,o2,1,supplemental_features/X0297.csv,e2d4afd8f95276f9db7a407e6086bce1
X0298,supplemental,commercial,o2,1,supplemental_features/X0298.csv,85193e03d86cb346ab7acc55e19103ce
X0299,supplemental,commercial,o2,1,supplemental_features/X0299.csv,a1a5b9ffba9c98e22d1e7decad181db3
X0300,supplemental,commercial,o2,1,supplemental_features/X0300.csv,ad7f169fdb073fa9b96e2244b61681c7
X0301,supplemental,commercial,o2,1,supplemental_features/X0301.csv,cd4fec87ff22050c62882ecacb2932c6
X0302,supplemental,commercial,o2,1,supplemental_features/X0302.csv,f9554a56a6b999ac63a7e276f95a15ea
X0303,supplemental,commercial,o2,1,supplemental_features/X0303.csv,bc522626d57a646cd88aa84e270a6fd2
X0304,supplemental,commercial,o2,1,supplemental_features/X0304.csv,fbaa30cb7aa2f9e4a023bac04fa226ea
X0305,supplemental,commercial,o2,1,supplemental_features/X0305.csv,6c74146707a184d853f398bea0c1a529
X0306,supplemental,commercial,o2,1,supplemental_features/X0306.csv,e64ff39e470db06b388662d34736af33
X0307,supplemental,commercial,o2,1,supplemental_features/X0307.csv,4c7d1e796da297312c24dd3ae1e620d9
X0308,supplemental,commercial,o2,1,supplemental_features/X0308.csv,363e4c01f18fe93deafdcac0dea0904d
X0309,supplemental,commercial,o2,1,supplemental_features/X0309.csv,b0dad158393e025fbe63cba6798db80a
X0310,supplemental,commercial,o2,1,supplemental_features/X0310.csv,85ba95581851315dc902f9f42208eb6e
X0311,supplemental,commercial,o2,1,supplemental_features/X0311.csv,8ea4ee40b6db33da7420089fb93b23ff
X0312,supplemental,commercial,o2,1,supplemental_features/X0312.csv,409428b7dd3aa2b294491fa62e4dfac0
X0313,supplemental,commercial,o2,1,supplemental_features/X0313.csv,d1495d74725c19f682c19b399592545b
X0314,supplemental,commercial,o2,1,supplemental_features/X0314.csv,f5d258efb57fda9b4a5b7fa63b1c1c5b
X0315,supplemental,commercial,o2,1,supplemental_features/X0315.csv,a7a52f564180a798bfab018d8b8a5988
X0316,supplemental,commercial,o2,1,supplemental_features/X0316.csv,4e7f7eb509dfa245aaa609071811d895
X0317,supplemental,commercial,o2,1,supplemental_features/X0317.csv,88cb0d0f0273f46e8217febcb89d38e9
X0318,supplemental,commercial,o2,1,supplemental_features/X0318.csv,212cdcb24c2966d4a7a632f7649ce44c
X0319,supplemental,commercial,o2,1,supplemental_features/X0319.csv,a5184acd01e88df75c1e36a0facb107c
X0320,supplemental,commercial,o2,1,supplemental_features/X0320.csv,b63bfdfe728f8251189031ff1de505dc
X0321,supplemental,commercial,o2,1,supplemental_features/X0321.csv,5e3b91c783c239c16648696644149c07
X0322,supplemental,commercial,o2,1,supplemental_features/X0322.csv,ed46828c64d0c2b18b2be47109d9f222
X0323,supplemental,commercial,o2,1,supplemental_features/X0323.csv,c4836e2acf7e34fbf57ce7bc6d8fb02e
X0324,supplemental,commercial,o2,1,supplemental_features/X0324.csv,ee7f50a4c379e3a3621af8b9caa9b19e
X0325,supplemental,commercial,o2,1,supplemental_features/X0325.csv,d4a91af5fdcbe76bfc620d9b7b767a2f
X0326,supplemental,commercial,o2,1,supplemental_features/X0326.csv,3d676db87cf1fe8e461f466c1fa6a302
X0327,supplemental,commercial,o2,1,supplemental_features/X0327.csv,1f82e8b971716effeb1dfb817cb98ce5
X0328,supplemental,commercial,o2,1,supplemental_features/X0328.csv,e7c7da077492a02341c49dbb02c2c79f
X0329,supplemental,commercial,o2,1,supplemental_features/X0329.csv,4362b76a1d08eb6216031c7408c75626
X0330,supplemental,commercial,o2,1,supplemental_features/X0330.csv,6777da5630345084bcf5a47ca08d8d88
X0331,supplemental,commercial,o2,1,supplemental_features/X0331.csv,8d6cdf522b715a7ae744fa83a9d62171
X0332,supplemental,commercial,o2,1,supplemental_features/X0332.csv,fc8d5ba5844c4f226d376725089f7458
X0333,supplemental,commercial,o2,1,supplemental_features/X0333.csv,7aba24421002064f1dccab0ac47b0fd2
X0334,supplemental,commercial,o2,1,supplemental_features/X0334.csv,3159656f7907959d1e0245f1a34cb6d8
X0335,supplemental,commercial,o2,1,supplemental_features/X0335.csv,d834ee13d864d925e8ea58fbb44ad6bd
X0336,supplemental,commercial,o2,1,supplemental_features/X0336.csv,79bc456ac1d74b85c708855d10e36a64
X0337,supplemental,commercial,o2,1,supplemental_features/X0337.csv,d36131682ed2701cbacd116683d4732d
X0338,supplemental,commercial,o2,1,supplemental_features/X0338.csv,46ea54d4af5ba81e2631da184ff03e4b
X0339,supplemental,commercial,o2,1,supplemental_features/X0339.csv,ebd64a186270c5e18b43656dfba6dba3
X0340,supplemental,commercial,o2,1,supplemental_features/X0340.csv,ad4cae782e72fbe38ea87f5b64765e57
X0341,supplemental,commercial,o2,1,supplemental_features/X0341.csv,81a35d0aceb4e88177510a781189710c
X0342,supplemental,commercial,o2,1,supplemental_features/X0342.csv,587ee18c5f861c5b12b745d9c7977af8
X0343,supplemental,commercial,o2,1,supplemental_features/X0343.csv,a9474fb5488a1c6b2c8741665dbe9d02
X0344,supplemental,commercial,o2,1,supplemental_features/X0344.csv,221ba9467dc101e8ec652b8bbd319029
X0345,supplemental,commercial,o2,1,supplemental_features/X0345.csv,5343295a256e8c8cd27eb8f60aed3dfc
X0346,supplemental,commercial,o2,1,supplemental_features/X0346.csv,29e721e725d0ced9e7a5eef8cb59e146
